{"x": [2.3534689480689645e-20, 2.821074269828227e-07, 2.8247257683750403e-07, 1.5832406971596793e-05, 1.8853326356564122e-05, 0.12817899174670178, 0.14703373348268803, 0.6293921163757257, 0.6615447676598306, 0.9589673612167, 0.9650616278479355, 0.9899379700914062, 0.9902819711053747, 0.9932926850171402, 0.9937834175376842, 0.9978631221769888, 0.9987017350144709, 0.9990291452481833, 0.9990571149538595, 0.9999797244208325, 0.9999810120471417, 0.9999896310817173, 0.9999897034007977, 0.9999999266297661], "y": [0.0, 0.0, 6.115927403941715e-05, 6.115927403941715e-05, 0.018018018018018018, 0.018018018018018018, 0.043478260869565216, 0.043478260869565216, 0.38461538461538464, 0.38461538461538464, 0.4, 0.4, 0.5, 0.5, 0.6, 0.6, 0.6666666666666666, 0.6666666666666666, 0.84, 0.84, 0.9333333333333333, 0.9333333333333333, 1.0, 1.0], "increasing": true}