{"feature_names": ["temperature_2m", "relative_humidity_2m", "dewpoint_c", "td_spread", "temperature_2m_mean_3h", "temperature_2m_min_3h", "temperature_2m_max_3h", "temperature_2m_mean_6h", "temperature_2m_min_6h", "temperature_2m_max_6h", "temperature_2m_mean_12h", "temperature_2m_min_12h", "temperature_2m_max_12h", "relative_humidity_2m_mean_3h", "relative_humidity_2m_min_3h", "relative_humidity_2m_max_3h", "relative_humidity_2m_mean_6h", "relative_humidity_2m_min_6h", "relative_humidity_2m_max_6h", "relative_humidity_2m_mean_12h", "relative_humidity_2m_min_12h", "relative_humidity_2m_max_12h", "td_spread_mean_3h", "td_spread_min_3h", "td_spread_max_3h", "td_spread_mean_6h", "td_spread_min_6h", "td_spread_max_6h", "td_spread_mean_12h", "td_spread_min_12h", "td_spread_max_12h", "temp_drop_1h", "doy_sin", "doy_cos", "hour_sin", "hour_cos"], "scale_idx": [0, 1, 2, 3, 7, 8, 9], "mean": [12.23127211608332, 74.98946536080514, 7.221158968871789, 5.010113145742541, 12.23128542627597, 10.599393947684293, 13.894015526021253], "scale": [6.014057450250212, 19.37866614462502, 3.5562214406977075, 4.874527343327687, 5.824889153928823, 5.282632667799679, 6.369151349838927]}